Transaction Amount,Customer Age Group,Product Category,Interest Rate,Payment Method,Risk,Class
4.565029868,Young Adult,Food,8.166599574,Credit Card,0.418877941,0
13.57460646,Young Adult,Furniture,14.89998319,Credit Card,0.033276617,0
17.90470064,Adult,Furniture,21.38388899,Bank Transfer,0.482558314,0
13.69883126,Adult,Electronics,11.90822223,Credit Card,0.450101877,0
4.142621227,Young Adult,Furniture,19.79335594,Credit Card,0.291546594,0
51.78385715,,Food,9.651753164,Debit Card,0.115830324,0
1.792848058,Young Adult,Electronics,2.457467107,Credit Card,0.088050721,0
3.234572416,Adult,Electronics,1.476137675,Credit Card,0.610244117,0
8.463674586,Adult,Furniture,1.232024912,Credit Card,0.362150237,0
7.936839398,Senior,Electronics,9.123603407,Credit Card,0.055354444,1
10.91824522,Teen,Electronics,,Credit Card,0.27231093,0
26.15674981,Teen,Electronics,17.23048857,Debit Card,0.095953491,1
6.713492212,Young Adult,Furniture,17.82771604,Credit Card,0.263575847,0
,Young Adult,Food,1.220495252,Debit Card,3.570934181,0
4.592328334,Young Adult,Furniture,5.306958309,Bank Transfer,0.030355997,0
11.83028554,Senior,Electronics,6.582284404,Debit Card,0.155806808,0
5.727145227,Young Adult,Food,13.14268762,Credit Card,4.810343925,1
5.72449527,Young Adult,Food,3.468365374,Credit Card,0.368369488,0
11.41338195,Adult,Furniture,3.214589266,Credit Card,0.549001611,0
16.91053401,Young Adult,Clothing,22.65093334,Credit Card,0.37986473,0
1.263031468,Adult,Electronics,19.30086978,Credit Card,,0
9.861346683,Teen,Food,4.33571765,Crdt Crd,0.560445971,1
5.952655039,Young Adult,Electronics,9.75762739,Credit Card,0.164364701,0
15.76975003,Teen,Food,8.534927982,Credit Card,0.206616456,0
,Teen,Electronics,18.98409778,Credit Card,0.352087068,1
20.92285174,Senior,Electronics,12.24511,Debit Card,1.596168837,1
4.301094751,,Electonics,3.068393688,Credit Card,0.307841958,1
1.240774863,,Food,17.73580952,Debit Card,0.166371268,0
17.13759233,Young Adult,Electronics,9.525311477,Credit Card,0.329460527,0
3.762802518,Young Adult,Electonics,6.310181943,Bank Transfer,0.221530871,0
2.087147812,Adult,Food,9.011966928,Bank Transfer,0.074892895,0
7.484563765,Teen,Electronics,11.94615753,Credit Card,0.21431978,1
6.102247019,Adult,Furniture,8.234772394,Credit Card,0.40004091,0
14.27463207,Senior,Electronics,5.805738542,Credit Card,0.256641749,0
15.0884365,Young Adult,Food,9.564048691,Credit Card,,0
7.976473183,Senior,Food,0.460149858,Debit Card,0.679155349,1
3.640595425,Teen,Electronics,18.53994831,Crdt Crd,0.223264003,0
,Young Adult,Electronics,4.102677446,Debit Card,0.114834984,0
,Young Adult,Electronics,1.053710727,Bank Transfer,0.232420099,0
11.64817295,Adult,Clothing,15.68876863,Credit Card,0.274713097,1
3.669864091,Senior,Food,18.57446709,Credit Card,0.138465634,0
5.363955672,Young Adult,Food,19.53189916,Debit Card,,1
11.1061887,Adult,Food,11.84422038,Credit Card,0.251451973,0
20.04263279,Young Adult,,4.928836433,Debit Card,0.206137407,0
16.00238232,Young Adult,Food,,Credit Card,0.269185519,1
7.890376852,Young Adult,,16.79311385,Credit Card,0.178508116,1
5.003231386,Senior,Electronics,5.910497618,Bank Transfer,0.251581613,0
10.20682329,,Electronics,21.68178614,Credit Card,0.229789417,0
3.086036712,Young Adult,Electronics,2.504914994,Crdt Crd,0.285282608,0
3.843559339,Young Adult,Food,23.58451775,Bank Transfer,0.205354542,0
24.72505371,Young Adult,Clothing,20.64594746,Debit Card,0.506176857,0
10.19224956,Young Adult,Electronics,16.50956749,Debit Card,0.25914599,0
5.595589023,Young Adult,Food,22.52999732,Crdt Crd,0.054023689,1
14.34370181,Adult,Electronics,17.33546804,Bank Transfer,,0
20.68854098,Young Adult,Clothing,4.570967929,,0.23245975,1
5.177332454,Young Adult,Electronics,10.61174731,Credit Card,0.406889253,1
5.249189302,,Food,1.716072584,Debit Card,0.652142474,0
4.748759288,Adult,Furniture,9.351778135,Crdt Crd,0.213911964,1
15.97588272,Adult,Furniture,17.79847247,Credit Card,0.65673899,1
16.10042965,Teen,Food,9.274640422,Credit Card,0.424240972,0
22.39242332,Adult,Electronics,7.927060211,Debit Card,0.253436187,1
16.55821511,Young Adult,Electronics,14.28853734,,0.281192817,1
2.002157875,Teen,Electronics,20.9329087,Credit Card,0.555714541,0
417534.2888,Young Adult,,1.141996621,Bank Transfer,0.385178353,1
3.168605791,Young Adult,Food,9.251290433,Debit Card,0.187464264,0
4.902123605,Young Adult,Electronics,3.797777804,Bank Transfer,0.438175598,0
8.469532928,Senior,Electronics,16.68850202,Debit Card,0.382351818,0
14.41763801,Adult,Food,2.53738945,Debit Card,0.356677327,0
3.623083019,Adult,Clothing,15.95538621,Credit Card,0.424128485,1
1.150531801,Young Adult,,6.868340899,Bank Transfer,0.122865269,0
8.537128188,Young Adult,Electronics,4.77400353,Credit Card,0.317064833,1
,Adult,Electronics,22.47246139,Bank Transfer,0.177633417,0
6.282217506,Young Adult,Clothing,0.444589842,Bank Transfer,0.511882527,0
7.671654847,Teen,Electronics,10.50665453,Credit Card,0.38879419,0
30.74510808,Young Adult,Electronics,0.519047819,Credit Card,0.44955485,1
11.84871823,,Food,11.60623315,Debit Card,0.499917763,1
8.788893566,Young Adult,Food,12.02513707,Credit Card,0.289452362,0
10.52436802,Teen,Food,,Crdt Crd,0.363180908,1
9.026774867,Adult,Electronics,3.171882661,Credit Card,,0
2.968914677,Young Adult,Electronics,9.033300906,Credit Card,0.230874703,0
2.526522557,Young Adult,Clothing,16.13431056,Bank Transfer,0.349046044,0
33.43029383,Young Adult,Electronics,18.77749941,Debit Card,0.244166436,1
8.560055566,Young Adult,Food,12.73801446,Bank Transfer,0.411234492,1
8.005080111,Adult,Furniture,14.15602547,Credit Card,0.245760286,1
6.874492817,Young Adult,Food,4.814792907,Debit Card,0.038096125,0
13.80262255,Young Adult,Electronics,6.895927997,Debit Card,,0
56.31454677,Adult,Electronics,3.885494641,Debit Card,0.129007084,0
11.23644073,Adult,Food,5.9830884,Debit Card,0.402197107,0
4.616009277,Adult,Furniture,5.397282725,Debit Card,0.172205725,0
6.641111298,Young Adult,,12.46677087,Credit Card,0.170362078,0
907203.1346,Young Adult,Electronics,13.50453014,Credit Card,0.262121409,0
4.635571623,Unknown,Electronics,22.6787381,Debit Card,0.060396517,0
14.61132907,Adult,Clothing,4.69369553,Credit Card,0.517633573,0
1.154203044,Teen,Furniture,15.40021704,,,1
6.147812594,Teen,Furniture,19.61422246,Credit Card,,0
12.21313499,Young Adult,Electronics,13.44579513,Debit Card,0.067765281,0
20.41154021,Senior,Food,6.12008766,Debit Card,0.103195328,0
,Young Adult,Furniture,6.30120552,Credit Card,0.243129264,1
2.220623441,Young Adult,Electonics,0.942073274,Credit Card,0.382929891,1
5.997914756,Young Adult,Food,7.330661437,Credit Card,0.514377297,0
3.003159178,,Electronics,,,0.133371745,0
6.558557376,Adult,Food,1.140426173,Bank Transfer,,0
7.349830387,Young Adult,Electronics,5.26308678,Credit Card,0.144532299,0
2.572000405,Adult,Food,16.94957996,Debit Card,0.376759497,1
14.063057,Senior,Clothing,18.78363751,Credit Card,0.134414742,0
6.515792759,Young Adult,Electronics,10.92764184,Credit Card,0.318748406,0
17.53796387,Young Adult,Furniture,16.75378412,Bank Transfer,0.440926094,0
1.688897261,Young Adult,Electronics,9.310852048,Credit Card,0.09582705,0
3.2747655,Unknown,Electonics,3.837917881,Credit Card,0.127008083,1
11.17115988,Young Adult,Clothing,9.555587845,Credit Card,0.321777826,0
3.898966599,Adult,Electronics,13.91922768,Credit Card,0.455299734,0
6.477738636,Adult,Electronics,22.75327876,Credit Card,0.40370219,0
7.39318991,Young Adult,,1.65002285,Credit Card,0.04492351,0
8.386344974,Senior,Electronics,12.17745825,Debit Card,0.808868348,0
4.29712859,,Furniture,7.894074677,Credit Card,0.376046212,1
8.326383854,Unknown,Clothing,12.19948066,Debit Card,0.18615921,0
3.950985478,Adult,Food,0.575410737,Credit Card,0.355069464,1
993548.6865,Adult,Electronics,7.512608513,Credit Card,0.171708561,0
6.740437167,,Food,19.67683554,Debit Card,1.358713027,0
8.364773851,Adult,Furniture,13.29460161,Bank Transfer,0.186992612,1
57.73949752,Senior,Electronics,10.81397983,Credit Card,0.064417664,0
3.047484317,Young Adult,Food,,Bank Transfer,0.322109417,0
22.44046529,Senior,Food,7.153020547,Debit Card,0.333340941,0
0.880310066,,Food,9.194434406,Debit Card,0.361717553,1
146987.1532,Young Adult,Electronics,20.05369704,Debit Card,0.116175329,1
2.73871255,,Furniture,23.21311696,Credit Card,0.424075883,0
2.88053865,Adult,Electronics,10.52772915,,0.373225362,0
8.69685476,Adult,Electonics,9.44046813,Debit Card,0.183333748,0
9.317308611,Young Adult,Furniture,20.31721862,Credit Card,0.228334498,0
6.026358826,Young Adult,Furniture,10.2457277,Bank Transfer,0.528122475,0
6.55414469,Adult,Electronics,13.24843614,Credit Card,0.287443642,0
11.27076053,Teen,Electronics,,Credit Card,0.450501721,0
,Adult,Electronics,17.84406086,Debit Card,0.330483636,1
2.556831476,Adult,Electronics,12.76771964,Credit Card,0.560164735,0
5.531655971,Young Adult,Electronics,19.41682921,Debit Card,0.309365277,0
6.988934703,Senior,Electronics,18.73758552,Debit Card,0.441030391,1
10.8944425,Young Adult,,5.160114438,Crdt Crd,0.291617909,1
3.982326858,Senior,Furniture,17.17525321,Debit Card,0.312261726,1
6.880030324,Adult,Electonics,19.20130579,Debit Card,0.313055033,1
7.568439531,,Food,8.306573779,Debit Card,0.075831348,1
4.205629215,Young Adult,Electronics,4.14261871,Bank Transfer,0.419757844,1
4.126162837,Adult,Clothing,0.063171734,Credit Card,0.259052049,1
7.996441435,Young Adult,Furniture,10.82168767,Credit Card,0.186114747,0
6.657365816,Young Adult,Furniture,,Credit Card,0.119550281,1
11.02738821,Unknown,Furniture,13.31783601,Credit Card,0.042997306,0
3.181628025,Young Adult,Clothing,4.512986222,Debit Card,0.60579241,0
5.581484485,Young Adult,Food,20.63197314,Debit Card,0.320870048,0
6.151076817,Adult,Electronics,6.186125175,Debit Card,0.241515386,1
14.16949092,Adult,Food,5.434310522,Credit Card,0.190235579,0
3.482216375,Teen,Furniture,11.53713736,Debit Card,0.383192783,0
8.914878336,Adult,Furniture,11.97242457,Credit Card,0.311980236,0
9.044930238,Young Adult,Food,5.162045491,Debit Card,0.210030985,1
27.58074251,Adult,Electronics,6.524657441,Debit Card,0.107481462,0
3.301340204,Adult,Electronics,4.07292574,Credit Card,0.261051598,0
4.36759863,Young Adult,Clothing,17.24304428,,0.658143541,0
3.490745956,Adult,Food,18.48213675,Credit Card,0.238773158,0
1.942890208,Young Adult,Food,11.09588394,Bank Transfer,0.322398022,0
30.31824109,Young Adult,Electonics,17.13808854,Bank Transfer,0.19127116,0
2.736826439,Adult,Electronics,17.66244941,Debit Card,,1
3.845700122,Young Adult,Furniture,3.318612664,Credit Card,0.216489349,0
21.17059534,Young Adult,Food,23.1882726,Credit Card,0.172987237,0
1.817595298,Young Adult,Furniture,19.70476673,Debit Card,0.510258712,0
13.53232483,Adult,Food,4.907603069,Debit Card,0.089461491,0
2.385909811,Young Adult,Food,4.467960858,Credit Card,0.625946483,0
20.03249669,Young Adult,Electronics,3.015867494,Credit Card,0.282525396,0
1.302255616,Adult,Furniture,3.321085501,Debit Card,0.42412279,0
1.817068461,Adult,Food,17.95588318,Credit Card,0.311101331,1
4.778191903,Young Adult,Food,11.27170217,Crdt Crd,0.085572427,0
16.07810088,Young Adult,Food,18.79042015,Credit Card,0.274333463,0
7.208301871,Young Adult,Clothing,17.91011746,Debit Card,0.150383776,0
5.648714187,Young Adult,Electronics,14.51070512,,0.294140753,0
21.68965385,Young Adult,Furniture,16.47279856,Bank Transfer,,0
41.43772222,Adult,Electronics,0.440537385,Debit Card,0.094302564,1
12.65188009,Adult,Food,7.482663523,Debit Card,0.661485669,0
,Adult,Electronics,15.3077323,Credit Card,0.523004321,0
5.288240452,Young Adult,Electronics,0.224278884,Debit Card,0.194714925,0
2.635945909,Adult,Food,0.791446648,Credit Card,0.23209496,1
8.009705051,Young Adult,Electronics,20.44531158,Debit Card,0.198085688,1
2.006366974,,Food,16.41659668,Credit Card,0.263325336,0
11.49015894,Adult,Clothing,6.368873595,Credit Card,0.130655063,0
36.76179904,Young Adult,Electronics,16.51110816,Credit Card,0.258110515,0
13.11915353,Adult,Furniture,,Credit Card,0.227341304,0
5.076803462,Young Adult,Food,7.363062795,Credit Card,,0
11.26330313,Adult,Food,0.86489706,Credit Card,0.580308065,0
27.01593173,Teen,Electronics,22.38669899,Bank Transfer,0.644106488,0
25.95581601,Young Adult,Electronics,8.284316119,Credit Card,,1
3.3101506,Adult,Electronics,2.555562319,Debit Card,0.507809844,0
11.11435051,Young Adult,Electronics,,Bank Transfer,0.701425986,0
6.511167684,Adult,Electronics,18.4432271,Bank Transfer,0.208825965,0
14.0873129,Young Adult,Food,5.319535551,Debit Card,0.098581197,0
10.04315355,Unknown,Furniture,6.467761203,Bank Transfer,0.156056943,0
1.109847782,Adult,Furniture,5.825159683,Credit Card,1.171649091,0
5.593412304,Young Adult,Food,,Credit Card,0.579886235,0
8.661142916,Young Adult,Electronics,4.73768961,Credit Card,0.432350043,1
2.345522112,Young Adult,Electronics,13.81248521,Debit Card,0.527469743,1
11.76133678,Teen,Electronics,22.2063514,Debit Card,0.399227942,0
2.183191521,Young Adult,Electronics,,Credit Card,0.082764097,0
3.901061759,Adult,Food,23.30050075,Credit Card,0.246659667,1
21.60769575,Senior,Food,22.73945363,Debit Card,0.568243526,0
3.643620277,Adult,Electonics,21.22972769,Credit Card,0.391257302,1
11.6951423,Adult,Electronics,5.149356512,Debit Card,0.332819842,1
1.816916849,Adult,Furniture,15.21732134,Debit Card,0.112838746,0
39.05815641,Adult,Furniture,18.26139535,Debit Card,0.064278357,0
5.791301725,Young Adult,Electronics,23.66467028,Debit Card,0.331701632,0
,Senior,Clothing,4.33017173,Bank Transfer,0.502190207,0
8.526930398,Adult,Clothing,18.38462159,Credit Card,0.569700811,0
12.01376999,Unknown,Electonics,8.131228078,Debit Card,0.278069786,1
2.191652912,Young Adult,Electronics,4.215035174,Debit Card,0.642799617,0
7.357578153,Young Adult,Food,10.11304659,,0.108919238,0
4.362236739,Unknown,Clothing,19.05206189,Credit Card,0.514184109,0
1.912390861,Adult,Furniture,11.15639529,Credit Card,0.121319238,1
16.27609977,Young Adult,Electronics,12.9005544,Credit Card,0.113413748,1
5.574828827,Young Adult,Electronics,23.88382584,Debit Card,0.35571967,0
8.971172136,Senior,,9.578623189,Bank Transfer,0.185708678,0
8.532448235,Young Adult,Food,14.76961811,Credit Card,0.182333272,0
5.652614503,Young Adult,Electronics,8.765860839,Credit Card,0.304890583,0
35.87432587,Teen,Furniture,9.426855512,Bank Transfer,0.398827267,0
7.114879376,Adult,Food,16.69537808,Credit Card,0.367242427,1
2.124715999,Senior,Furniture,22.50928743,Credit Card,,0
5.363919253,Young Adult,Furniture,13.01661481,Debit Card,0.470033848,0
11.02086282,Adult,Furniture,18.44159829,Debit Card,,0
11.31439815,Unknown,Food,2.140957412,Credit Card,0.508793566,0
3.094960835,Senior,Food,5.067792898,Credit Card,0.208012866,0
15.54262121,Adult,Electronics,12.05115938,Credit Card,0.298849234,1
1.803458945,Adult,Food,0.480281367,Debit Card,0.162360247,0
18.4544985,Teen,Electronics,6.06851949,Debit Card,0.354831491,1
2.571583067,Senior,Food,12.41763096,Credit Card,0.393804688,0
6.165713259,Adult,Electronics,0.359068758,Debit Card,0.391771915,0
17.31641581,Young Adult,Electronics,,,0.523608184,0
8.131005024,Adult,Electronics,12.33673967,Credit Card,0.218637684,0
14.20165936,Young Adult,Electronics,13.75558195,Credit Card,0.437684297,0
12.12087979,Adult,Furniture,22.21804063,Debit Card,0.465398085,0
20.67685359,Young Adult,Furniture,15.48829496,Credit Card,0.219000559,0
17.28376948,Adult,Food,9.953659261,Credit Card,0.170787374,0
5.139750581,Unknown,,22.32842825,Debit Card,0.63491234,1
12.26013948,Teen,Electronics,18.8371916,Bank Transfer,0.410603811,1
2.178765671,Young Adult,,4.800214107,Bank Transfer,,1
367637.1976,Teen,Electronics,3.140216672,Debit Card,0.191767251,0
14.22196766,Young Adult,Furniture,16.21947926,Debit Card,0.316980472,1
8.224176116,Young Adult,Electronics,13.43719597,Credit Card,0.054529665,0
10.56251893,Young Adult,Electronics,18.95216673,Debit Card,0.116461658,1
6.230035925,Young Adult,Electronics,17.7313212,Credit Card,0.178935063,1
18.23340862,Young Adult,Electronics,15.00507681,Credit Card,0.480661258,0
6.928666573,Adult,Food,23.67317212,Debit Card,0.436738576,0
5.091843033,Teen,Food,12.80615352,Debit Card,0.442319929,0
15.0174661,Senior,Electronics,2.714538156,Credit Card,0.069827577,1
2.400968175,Adult,Electronics,19.87856556,Bank Transfer,0.165083876,0
11.03229273,Adult,Electronics,6.044480696,Credit Card,0.502184849,1
3.209169242,Young Adult,Electronics,18.65525156,Credit Card,0.280411787,1
20.53932751,Adult,Electronics,22.9705703,Credit Card,0.589139128,1
5.996513382,Unknown,,16.72309234,Debit Card,0.087677554,1
8.231660669,Teen,Food,14.30472386,Debit Card,0.150393919,0
10.27852038,Young Adult,Food,11.04926822,Credit Card,0.441303361,0
1.578148498,Adult,Food,8.745836784,Debit Card,0.159247362,0
,Teen,Food,8.472114023,Credit Card,0.287395141,0
17.02761993,,Food,15.27294494,Debit Card,0.341919816,0
14.79385689,Senior,Food,18.03055481,Credit Card,,0
9.266685499,Adult,Furniture,16.28440967,,0.167078851,0
2.510367465,Young Adult,Electronics,4.761842429,Bank Transfer,0.175959078,0
11.80357874,Teen,Food,11.85569232,Crdt Crd,0.505857504,1
13.07523094,Adult,Food,18.99936173,Credit Card,0.617687219,0
7.672279518,Young Adult,Furniture,11.41689788,Debit Card,0.293242004,0
19.65902972,Young Adult,Food,12.87895871,Crdt Crd,0.423464491,1
4.277011713,Teen,Food,18.50726516,Credit Card,0.254387339,1
4.914126114,Senior,Electronics,15.87036735,Credit Card,0.167837594,0
1.012386826,Adult,Food,9.824278101,Credit Card,0.397181327,0
15.42303249,,Electronics,21.48990507,Debit Card,0.262199664,0
9.49807903,Adult,Electronics,3.901609648,Credit Card,0.321123381,0
1.924264352,Young Adult,Electronics,23.89239477,Debit Card,0.174446151,0
1.809627096,Young Adult,Food,2.852461883,,0.369403205,0
3.676258408,Young Adult,Electronics,0.358799307,Credit Card,0.167205272,0
13.94228563,Young Adult,Electronics,21.36045363,Credit Card,0.705309971,1
5.810761385,Young Adult,Furniture,5.878884201,Credit Card,0.310051364,0
3.881301233,Adult,Electronics,17.51279106,Credit Card,0.360425647,1
3.303912213,Adult,Food,19.464369,Bank Transfer,0.375965216,0
3.187606857,Adult,Food,20.61567338,Credit Card,0.096430525,1
1.573114416,,Electronics,23.79826166,Credit Card,0.340187277,1
2.812526908,Adult,Furniture,7.056953041,Debit Card,0.2782991,0
3.137849009,Adult,Electonics,17.04584021,Credit Card,0.361235473,1
12.75723535,Young Adult,Food,2.769596599,Debit Card,0.220727935,0
6.47158825,Adult,Food,9.763422993,Credit Card,0.322414158,0
3.817257091,Young Adult,Food,20.35132064,Bank Transfer,0.05173256,0
46.88877015,Young Adult,Food,8.823793105,Crdt Crd,0.453435583,1
4.344377451,Young Adult,Electronics,14.18628913,Debit Card,0.46676103,1
18.79671897,Young Adult,Electronics,12.09056265,Bank Transfer,,1
27.02836435,Young Adult,Furniture,15.50283675,Credit Card,1.621481424,0
2.104402818,Adult,Food,23.34946535,Credit Card,0.119395501,0
7.839463268,Senior,Electonics,,Debit Card,0.430811698,0
4.884041627,Adult,Furniture,13.77507642,Debit Card,0.339482464,1
4.576161209,Adult,Furniture,20.7126907,Credit Card,,0
11.52249779,Young Adult,Food,11.55318508,Credit Card,0.054650158,0
,Adult,Electronics,1.884652463,Credit Card,,0
4.969030561,Teen,Furniture,13.45294446,Credit Card,0.202816099,0
6.459216874,Young Adult,Food,7.96977338,Credit Card,0.43221232,0
5.480961739,Young Adult,Electronics,3.718602848,Debit Card,0.603635652,0
2.889674409,Unknown,Furniture,20.37682832,Credit Card,0.399075854,0
13.96738828,Teen,,12.51838831,Credit Card,0.178631121,0
17.09566206,Young Adult,Food,22.3986339,Debit Card,0.133958749,0
,Young Adult,Electronics,19.34439611,Debit Card,0.183221733,1
5.467152309,Senior,Electronics,16.63132305,Bank Transfer,0.141666283,1
4.203138091,Young Adult,Furniture,0.120612081,Debit Card,0.246989651,0
4.208490152,Young Adult,Clothing,10.26776296,Credit Card,0.181810323,0
48.71081562,Young Adult,Electronics,4.73967076,Bank Transfer,0.228443645,0
15.646866,Adult,Electronics,21.85914987,Debit Card,0.181271684,0
,Unknown,Furniture,4.190015632,Credit Card,0.039861594,0
8.429675366,Young Adult,Electronics,6.86544124,Debit Card,0.408771942,0
5.528806558,Young Adult,Food,12.40408243,Bank Transfer,0.361031552,0
11.7875077,Teen,Clothing,6.320726856,Credit Card,0.223487051,0
11.41352759,Teen,Electronics,5.036752255,Credit Card,0.406876639,0
17.58221225,Young Adult,,14.3783838,Credit Card,0.098664135,0
499159.4116,Teen,Electronics,2.134308546,Credit Card,0.551829814,0
8.034849263,Young Adult,Electronics,1.396026209,Credit Card,0.484025864,0
116745.4371,Young Adult,Electonics,8.933887084,,0.254160723,0
2.7023662,Adult,Food,17.29594691,,0.165512773,0
14.98846146,Young Adult,Clothing,13.3153622,Crdt Crd,0.452200137,0
3.453723647,Young Adult,Food,10.14903524,Debit Card,0.088085922,0
3.770746383,Young Adult,Electronics,13.57803754,Debit Card,0.306274176,1
7.340284047,Senior,Electronics,8.770835632,Bank Transfer,0.110779661,0
12.88171449,Young Adult,Electronics,22.46751205,Credit Card,0.484376595,0
461156.2315,Teen,Electronics,1.317717382,,0.051623376,1
0.456280712,Adult,Electronics,16.1613955,Debit Card,0.318566686,1
,Young Adult,Electonics,21.39078396,Bank Transfer,0.161238499,1
19.38505605,Young Adult,Food,,Debit Card,0.389733865,0
9.72313445,Young Adult,Furniture,4.416984836,Credit Card,0.198428321,0
21.30836765,Adult,Food,7.102232376,Bank Transfer,0.298197483,0
2.987829148,Young Adult,,17.20915053,Credit Card,0.341417232,0
,Adult,Electronics,2.02249342,Bank Transfer,0.262462946,0
10.6978078,Senior,Electronics,19.4846808,Bank Transfer,0.204883425,0
8.953264283,Young Adult,Food,17.25376667,Credit Card,0.414804191,0
9.435163014,Young Adult,Food,17.51055958,Debit Card,0.363149423,1
15.58637779,Young Adult,Electronics,2.405792886,,0.241899505,0
10.35374137,Young Adult,Furniture,,Credit Card,0.304886639,0
10.22150746,Young Adult,Furniture,16.31563501,Debit Card,0.135745044,0
13.0920557,Senior,,19.94213978,Debit Card,0.289239338,0
11.04450816,Adult,Electronics,0.99830295,Bank Transfer,0.203276221,1
14.67223226,Adult,Furniture,0.554656043,Debit Card,0.168336342,0
16.55712727,Young Adult,Food,8.952170397,Credit Card,0.245022405,0
25.16240564,Adult,Furniture,3.570918812,,0.138011098,0
4.395788573,Senior,Furniture,13.40122746,Bank Transfer,0.533334057,0
10.85308841,Adult,,22.01637364,Credit Card,0.08664082,0
5.494465457,Teen,Food,9.395513528,Bank Transfer,0.471812551,0
3.792983112,Adult,Electronics,20.27880905,Credit Card,0.108104597,0
4.256161693,Teen,Food,0.005780988,Bank Transfer,0.550246655,1
10.97878105,Unknown,Food,4.044351443,Credit Card,0.083734275,1
10.32535007,Teen,Furniture,0.730164952,Credit Card,0.161187593,0
10.179029,Adult,Electronics,7.875532332,Credit Card,0.593977494,0
6.16833583,Adult,Electronics,21.7965503,Debit Card,0.74766409,0
7.409269126,Young Adult,Furniture,2.326850966,Credit Card,0.310892713,0
14.21364128,Young Adult,Furniture,14.55383464,Credit Card,0.394740719,1
2.244506224,Young Adult,Clothing,10.83590254,Debit Card,0.369080778,0
7.53616686,Young Adult,Furniture,22.5232371,Bank Transfer,,1
7.940410058,Young Adult,Food,2.940459421,Credit Card,0.272108927,1
13.49937537,Young Adult,Food,5.088668412,Credit Card,0.318867594,0
2.508791769,Adult,Furniture,0.709007247,Credit Card,0.0356635,1
24.43721063,Teen,Food,10.41444599,Credit Card,0.367387786,1
8.766208086,Teen,Food,6.66798959,Bank Transfer,0.113807038,1
9.145522702,Young Adult,Electronics,,Bank Transfer,0.113964585,0
5.359636706,Senior,Food,14.51857952,Debit Card,0.159449727,0
11.36362977,Adult,Furniture,14.73817771,Credit Card,0.443557924,0
7.678031815,Adult,Electronics,12.76585673,Debit Card,0.199134251,1
19.43713779,Young Adult,,2.204408094,Debit Card,0.424674409,0
2.33218268,Young Adult,Electronics,10.68044841,Bank Transfer,0.396680255,0
8.503149837,Teen,Electronics,23.98812455,Debit Card,0.536057658,1
10.2452059,Adult,Electronics,20.04550298,Debit Card,0.182553809,0
6.365559206,Senior,Food,21.4430173,Debit Card,0.251590893,1
5.345565514,Adult,Clothing,19.75743262,Credit Card,0.152758729,1
5.526939225,Adult,Food,2.473000642,Crdt Crd,0.091869011,0
8.496985177,Adult,Electronics,5.458758098,Debit Card,0.58403921,1
1.736780096,Young Adult,Electronics,0.074919633,Debit Card,0.305148827,0
15.99077461,Senior,Food,7.284242997,Credit Card,0.142412883,0
931396.9533,Teen,Electronics,2.606577656,Debit Card,0.134573576,1
8.184500297,Young Adult,Furniture,11.34704029,Debit Card,0.23506675,0
9.911362373,Young Adult,Food,16.25105973,Credit Card,0.527085346,1
4.851828723,Teen,Furniture,20.98812708,Credit Card,0.570156677,1
,Young Adult,Electronics,17.98121196,Debit Card,0.638761558,1
,Young Adult,Food,22.5260543,Debit Card,0.500114963,0
13.27256186,Young Adult,Electronics,1.293558969,Debit Card,0.274700294,0
17.53248069,Young Adult,Clothing,0.29231605,Credit Card,0.581697712,1
1.894974076,Teen,Electonics,15.87211473,Debit Card,0.419770374,0
5.337757915,Young Adult,Electronics,6.944457845,Credit Card,0.494197403,0
2.762412791,Young Adult,Electronics,6.084024387,Credit Card,0.500729737,1
6.409669713,Young Adult,Electronics,7.941290105,Credit Card,0.159073642,1
12.4150453,Unknown,Food,,,0.502650047,0
16.27853094,Adult,Electronics,,Credit Card,0.715690088,1
18.12845044,Adult,Food,,Credit Card,0.148246534,1
21.08232601,Adult,Electronics,12.29828523,,0.155391328,0
6.184646051,Young Adult,Food,16.14512668,Credit Card,0.398175807,0
2.951852965,Adult,Electonics,9.291132215,Debit Card,0.091164801,1
6.741805449,Young Adult,Furniture,6.031384491,Credit Card,0.470345886,0
12.26333605,Young Adult,Furniture,3.988812883,Credit Card,0.19129745,0
2.768185843,Adult,Electronics,,Bank Transfer,0.482868582,1
27.88557591,Young Adult,Electronics,17.80335541,Credit Card,,1
15.15470176,Adult,Food,18.16091784,Debit Card,0.235802996,0
6.263544665,Adult,Electronics,16.00572928,Credit Card,0.526675828,1
4.184145308,Adult,Food,5.616676207,Credit Card,0.284817914,0
,Senior,Electronics,14.1140699,Debit Card,0.549229275,1
7.840988974,Young Adult,Electronics,13.69655188,Debit Card,0.291279485,0
6.150158893,Young Adult,Electronics,11.62238875,Bank Transfer,0.289304596,0
15.80619899,Young Adult,Furniture,13.19949567,Debit Card,0.194317258,0
5.61599815,Young Adult,Electronics,11.80297518,Bank Transfer,,0
11.07180126,Adult,Food,13.57095279,Credit Card,0.284957786,1
7.220037109,Adult,Electronics,17.17214291,Credit Card,0.513918944,0
9.168149677,,Food,2.631076666,Credit Card,0.151886537,0
6.146942794,Young Adult,Electronics,17.99101805,Credit Card,0.129163519,0
13.01590971,,Electonics,3.261267603,Debit Card,0.153729707,0
13.17119258,Young Adult,Furniture,1.599071962,Debit Card,0.384809484,0
10.67541272,Young Adult,Electronics,23.42591247,Credit Card,0.302101831,0
12.01326507,Adult,Clothing,22.96780245,Bank Transfer,0.343738109,0
794665.2288,,Clothing,1.450477079,Bank Transfer,0.620394468,1
9.569649791,Young Adult,Furniture,10.6380826,Credit Card,0.160965723,0
20.07271467,Teen,Furniture,4.469878519,Credit Card,0.358949385,0
10.94763722,Adult,Electronics,11.64827753,Credit Card,0.460886398,0
3.239522679,Adult,Food,19.92425383,Credit Card,0.373389512,0
7.100653289,Young Adult,Electronics,22.81468259,Credit Card,0.103188219,1
9.974006419,Teen,,15.22206368,Debit Card,0.490777255,0
4.031265661,Young Adult,Clothing,8.493736013,,0.373517718,0
2.492741335,Young Adult,Electronics,14.47981358,Credit Card,2.38451416,0
5.738063048,Adult,Furniture,7.488031347,Bank Transfer,0.556600153,0
4.085050431,Adult,Furniture,21.83576738,,0.095939152,0
7.305071076,Young Adult,Furniture,,Bank Transfer,0.067892884,0
2.068608754,Young Adult,Clothing,13.39756201,Credit Card,0.292406143,1
11.60877004,Senior,,7.795173969,Credit Card,0.240912007,0
4.447383616,Young Adult,Electronics,,Debit Card,0.230985189,0
16.38885924,Adult,Food,0.802031873,Credit Card,0.43361884,0
,Young Adult,Electronics,19.57970042,Credit Card,0.360567269,0
7.240489126,Young Adult,Electronics,10.80919711,Debit Card,0.326502998,0
6.433843451,Teen,Electronics,7.803190282,,0.045267851,1
4.260865241,Young Adult,Furniture,11.30664852,Credit Card,0.478942046,1
53.4006848,Senior,Food,19.64971177,Credit Card,0.336516904,0
4.969439503,Young Adult,Electronics,2.990740985,Crdt Crd,0.357349681,1
16.75701905,Teen,Food,20.58374372,Credit Card,0.02304693,1
3.080515161,Teen,Electronics,21.54021204,Credit Card,0.648326749,0
9.951319076,Young Adult,Electronics,22.72098996,Credit Card,0.220508005,0
10.83842544,Young Adult,Furniture,9.539711818,Credit Card,4.151332753,0
7.24751331,Teen,Electonics,5.211369697,Bank Transfer,0.627006141,1
4.679523199,Adult,Furniture,8.967379643,Debit Card,0.164505159,1
5.985515564,Young Adult,Electronics,7.98989031,Debit Card,0.547830841,1
5.351454528,Unknown,Furniture,4.2276939,Credit Card,0.368973377,0
566457.3562,Senior,Food,14.57440008,Credit Card,,0
7.256644475,Young Adult,Food,11.43897985,Credit Card,0.210184671,0
11.24485874,Senior,Food,20.77682382,Credit Card,0.435779562,1
30.73186525,Young Adult,Furniture,0.770629932,Credit Card,0.193873565,0
3.665427841,Adult,Food,15.45283026,Debit Card,0.105955026,0
7.615062445,Adult,Food,18.31077308,Debit Card,0.229291613,0
5.957500981,Adult,Clothing,18.22767766,Debit Card,4.757734492,0
6.897018685,Unknown,Furniture,21.26577521,Credit Card,0.291019781,0
6.403152366,Young Adult,Food,17.49680983,Bank Transfer,0.224305001,0
4.114421872,Senior,Furniture,22.26744148,Credit Card,0.248569099,1
8.639357598,Young Adult,Electronics,7.983758396,Credit Card,0.574895683,0
3.157857458,,Electronics,12.077026,Credit Card,0.145128996,0
523459.8265,Unknown,Food,0.337911919,Debit Card,0.365831988,0
12.16603248,Young Adult,Clothing,0.166982095,Bank Transfer,0.571640572,0
4.979003382,,Clothing,5.763038891,Credit Card,0.427925667,0
5.175900548,Young Adult,Electronics,,Bank Transfer,0.041439526,1
,Young Adult,Food,6.24507283,,0.114572592,1
3.900730126,Adult,Electronics,4.249039069,Credit Card,0.342797212,0
,Adult,Clothing,0.684480596,Credit Card,0.325479238,0
9.838867205,Young Adult,Clothing,21.82329951,Credit Card,0.11306138,0
10.12098024,Young Adult,Food,0.197355153,Bank Transfer,0.109850698,0
12.745217,Young Adult,Furniture,17.66597146,Credit Card,0.603484234,0
4.647964495,Young Adult,Furniture,3.651549286,Debit Card,0.680851367,1
17.65833633,Teen,Food,21.89351093,Credit Card,0.383472453,1
8.098077542,Young Adult,Electronics,21.42710255,Debit Card,0.238986196,0
15.80168179,Young Adult,Food,15.69362751,Credit Card,,0
6.306857281,Senior,Food,16.1336196,,0.319334781,0
21.19621401,Young Adult,Food,0.128139407,Bank Transfer,0.229074252,1
10.18661804,Young Adult,Electronics,23.63691759,Bank Transfer,0.361145592,1
42.35157537,Young Adult,Clothing,21.06798249,Bank Transfer,0.195833539,0
5.497990746,Young Adult,Electronics,21.48254942,Credit Card,0.168883599,0
8.702753909,Young Adult,Food,15.82186889,Debit Card,0.26592484,0
3.237297907,Adult,Food,8.274886288,Credit Card,0.294295413,0
4.838290278,Young Adult,Food,21.44756758,Credit Card,0.056302574,1
12.12111821,Young Adult,Food,6.996406276,,0.393876922,0
18.23712862,Senior,Electronics,13.50507704,Credit Card,0.138292626,1
79.20253306,Adult,Electronics,2.393543336,Debit Card,0.266822515,0
6.839378567,Adult,Food,22.12693512,Crdt Crd,0.387449814,0
,Young Adult,Food,3.378490987,Credit Card,0.604535739,0
13.49960746,Adult,Electronics,5.397523338,Debit Card,0.111097492,0
2.99737895,Young Adult,Furniture,13.3952198,Crdt Crd,,0
11.60483603,Young Adult,Food,18.33823201,Credit Card,0.242718986,0
4.944102376,Teen,Food,14.86443134,Credit Card,0.369828299,0
8.751945131,Young Adult,Furniture,5.571213907,Bank Transfer,0.451060624,1
17.68712337,Young Adult,Electronics,0.022633021,Bank Transfer,0.339426018,1
6.762639394,Young Adult,Electronics,18.17161393,,0.369986862,0
15.58491201,Senior,Furniture,23.64497582,Bank Transfer,0.011562418,0
14.85782762,Senior,Food,19.43791489,Credit Card,0.111926889,1
1.662852959,Adult,Food,11.04495884,Credit Card,0.201982466,1
3.592036828,Young Adult,,21.69041427,Debit Card,0.240389453,0
2.118174242,Adult,Furniture,9.836344155,Credit Card,0.142640906,1
36.64912971,Young Adult,Clothing,12.59841802,Credit Card,0.105714583,0
6.791599356,Adult,Food,11.45111442,Credit Card,0.293088572,0
30.71230444,Young Adult,Food,10.74297294,Debit Card,0.213554211,0
2.000982231,Adult,Food,18.60457846,Debit Card,0.241169969,0
4.672925217,Young Adult,Electronics,12.64245377,Credit Card,,1
14.01879029,Adult,Food,7.601210929,Credit Card,0.245352789,0
8.52855277,Senior,Electronics,6.195796024,Debit Card,0.046055655,1
11.3167951,Young Adult,Clothing,0.905935607,Debit Card,0.231360206,0
2.710012949,Young Adult,,13.99668389,Credit Card,0.201656317,0
22.23000147,Senior,Food,5.51907397,Debit Card,0.168894964,0
13.75789549,Young Adult,Electronics,3.555214128,Credit Card,0.077016283,0
10.18891541,Adult,Electronics,15.69191913,Credit Card,0.525722637,0
4.26956426,Young Adult,Electronics,16.34902219,Debit Card,0.249305378,1
9.573894793,,Food,18.05171741,Debit Card,0.160696604,0
5.852143573,Young Adult,Electronics,12.08584551,Credit Card,0.27800583,0
1.973102214,Young Adult,Food,21.45731052,Debit Card,0.081173313,0
7.096925901,Adult,Furniture,22.47222608,Debit Card,0.285856629,0
6.51831353,Young Adult,,,Debit Card,0.101515892,0
17.28641975,Young Adult,Food,15.25424357,Debit Card,0.027207938,0
,Young Adult,Electronics,7.289302886,Debit Card,0.07894914,0
8.918786218,,Furniture,23.59067812,,0.492352694,0
2.931591828,Adult,Furniture,6.579268013,Credit Card,0.040022204,1
9.538904759,Senior,Electonics,4.863766128,Credit Card,0.07915592,0
9.968439423,Young Adult,Furniture,10.61169873,Credit Card,,0
6.89312252,Adult,Electronics,1.364173697,Debit Card,1.350786837,1
14.09520262,Adult,Furniture,23.48386715,Debit Card,,0
2.727504675,Young Adult,Clothing,14.12240535,Credit Card,0.025476064,0
,Senior,Electronics,13.3668502,Credit Card,0.555279089,1
4.193505031,Young Adult,Furniture,15.73911072,Credit Card,0.606224841,1
2.128209636,Young Adult,Food,11.92856755,Credit Card,,0
5.942222512,Adult,Clothing,0.76952441,Crdt Crd,0.203572955,1
,Young Adult,Food,14.69547093,Credit Card,0.092508839,0
9.055199416,Adult,Furniture,17.18817305,Debit Card,0.258184384,0
6.005043179,Adult,Electronics,10.00197745,Bank Transfer,0.169531449,0
19.82511438,Unknown,Electronics,18.17509373,Credit Card,0.083598013,0
12.41790482,Adult,Electronics,5.448031184,Credit Card,0.139048161,0
2.426386055,Young Adult,Clothing,5.310638186,Credit Card,0.358383756,0
3.778359826,Young Adult,Furniture,3.874007705,Debit Card,0.326651207,0
11.20692103,Adult,Furniture,8.927874235,Debit Card,,1
14.55105076,Senior,Clothing,20.32828885,Credit Card,0.650489375,0
19.64849474,Teen,Electonics,19.86988949,Debit Card,0.048085826,1
19.52327665,Young Adult,Electronics,9.187780991,Bank Transfer,0.251714292,0
6.878371421,Adult,Electronics,14.13884966,Credit Card,0.218595392,1
9.876167166,Adult,Electronics,17.2995916,Credit Card,,0
20.88415637,Adult,Electronics,5.788962591,Bank Transfer,0.039018583,1
5.797073553,Young Adult,,4.035386061,Debit Card,0.164113819,0
10.01196572,Young Adult,Electronics,23.33030384,Bank Transfer,0.110012932,0
5.68877751,Young Adult,Electronics,14.82137552,Debit Card,0.403622844,1
,Adult,Electronics,23.55397732,Bank Transfer,0.588405274,1
7.680680075,Young Adult,Electronics,8.106143691,Credit Card,,0
4.262966327,Young Adult,Clothing,16.8727608,Crdt Crd,0.22198017,0
6.654326348,Senior,Furniture,5.342487277,Bank Transfer,0.417162828,1
3.228559648,Teen,Clothing,6.268804111,Debit Card,0.054798863,1
6.347141095,Senior,Electonics,12.28565091,Credit Card,0.54404998,1
10.57732157,Adult,Electronics,7.670835012,,0.077071712,0
4.613510994,Adult,Furniture,,Credit Card,0.105990564,1
7.444186573,,Electronics,6.309136848,Credit Card,0.397768717,0
,Teen,Electronics,0.857961467,Credit Card,0.475629144,0
10.61245078,,Electronics,,Debit Card,0.482732003,0
6.640160447,,Electronics,11.81079977,Debit Card,0.013686891,0
17.61398297,Adult,Electronics,2.261833594,Credit Card,2.657532677,1
1.376115825,Young Adult,Electronics,4.120655835,Debit Card,,1
77.49413668,Adult,Food,2.460828915,Credit Card,0.549000269,0
3.68066333,Adult,Electronics,14.7022274,Credit Card,0.144613165,0
,Adult,,2.261048727,Credit Card,0.320949583,1
3.487641333,Adult,Furniture,18.10277599,Debit Card,0.081631538,0
12.37173614,Adult,Electronics,0.492262064,Credit Card,0.059327414,0
9.218896289,Adult,Electronics,5.985018912,Crdt Crd,0.104593978,0
4.390438772,Teen,Furniture,21.37600022,Credit Card,0.062157566,1
17.43482907,Young Adult,Electronics,17.24475163,Bank Transfer,0.19910076,1
6.480717933,Teen,Electronics,1.75123999,Credit Card,2.056441561,0
11.44751585,Young Adult,Food,19.70702651,Debit Card,0.152384262,1
3.54760297,Young Adult,Electronics,,Debit Card,0.384193945,0
7.208709095,Teen,Food,20.32279265,Debit Card,0.054746177,0
36.6981305,Young Adult,Furniture,14.41775459,Bank Transfer,0.131452782,0
15.96457848,Young Adult,Electronics,16.36399277,Credit Card,0.10151791,1
9.450773636,Adult,Food,23.84403745,Credit Card,0.230595324,0
5.159622087,Senior,Food,5.576053102,Bank Transfer,0.187031337,0
7.799025802,Teen,Electronics,14.97469379,Credit Card,0.384485765,0
,Senior,Food,11.04771336,Debit Card,0.542641389,0
10.58441618,Young Adult,Electronics,0.94684687,Debit Card,0.18685433,0
3.122617503,Young Adult,Food,0.347295396,Debit Card,0.070451763,1
12.61297907,Teen,Electronics,2.861485868,Bank Transfer,0.436364291,1
3.090477227,Young Adult,Food,15.57820177,Bank Transfer,,0
27.24583545,Adult,Electronics,13.61191411,Debit Card,0.466171413,1
3.98563777,Adult,Furniture,13.28230947,Credit Card,0.288646457,0
9.36802838,Teen,Electronics,0.764562301,Bank Transfer,0.115749089,0
16.51244037,Teen,Food,11.26327191,Credit Card,0.55430487,1
6.038139684,Young Adult,Food,22.19094763,Credit Card,0.62186404,0
9.703435667,Young Adult,Furniture,9.542204863,,0.120696651,0
23.29282188,Young Adult,Food,14.99813927,Credit Card,0.223976827,0
11.60600214,Young Adult,Food,18.71564821,Credit Card,0.451396653,0
9.820190327,Adult,Furniture,18.8142067,Credit Card,0.174629204,1
1.919705299,Senior,Furniture,12.46272198,Bank Transfer,0.27316421,0
3.50090742,Young Adult,Electronics,20.59084669,Debit Card,0.296266393,0
17.07364595,Senior,Food,9.393074241,Debit Card,0.197305023,0
11.65762234,Young Adult,Furniture,21.32863715,,0.262416052,0
,Young Adult,Clothing,5.765451993,Debit Card,0.284004907,0
12.28424498,Young Adult,Furniture,6.725193768,Debit Card,0.111111029,0
20.73462945,Adult,Electronics,1.274894981,Credit Card,0.397680499,1
5.994725864,Senior,Electronics,19.09396408,Credit Card,0.567131284,1
8.136824286,Adult,Food,10.00932567,,0.527296088,1
3.244822125,Young Adult,Furniture,5.498798734,,0.273812738,0
2.658021192,Adult,Food,5.562966663,Debit Card,0.527955323,0
1.98378657,Young Adult,Food,21.63359859,Bank Transfer,0.299248761,0
3.639583314,Adult,Furniture,20.01399841,Credit Card,0.175933014,0
25.58610556,Young Adult,Electronics,13.28474125,Debit Card,4.128916002,1
2.133616326,Young Adult,Furniture,14.78665921,Debit Card,0.259860629,1
5.796018472,,Food,11.38381369,Debit Card,0.319031017,0
2.626057681,Adult,Electronics,9.399997029,Bank Transfer,0.126526937,0
4.56866404,Teen,Food,,Credit Card,0.186298658,0
,Adult,Furniture,3.014704884,Credit Card,0.299989109,1
4.220304583,,Electronics,10.04272295,Debit Card,0.384176408,1
17.66759008,Adult,,8.269485792,Debit Card,0.347320593,0
25.2085317,Adult,Clothing,11.95561729,Debit Card,0.369573389,1
,Adult,Electronics,,,0.428810804,0
4.278515637,Young Adult,Food,12.45334876,,0.095549658,0
,Young Adult,Food,3.358055453,Credit Card,0.134692467,1
18.19039342,Young Adult,Food,12.31539604,Credit Card,0.104097745,1
5.137695229,Adult,Food,5.818051533,Debit Card,0.485381511,0
7.272147819,Young Adult,Electronics,4.423952376,Debit Card,0.287243949,0
2.928834669,Young Adult,Food,1.556021251,Credit Card,0.164220597,1
2.167909455,Young Adult,Electronics,18.30366141,Credit Card,0.091692517,0
23.4837279,Young Adult,Food,10.2586061,Credit Card,0.265476762,0
1.71728422,Adult,Electronics,15.0394484,Credit Card,0.15395322,0
47.6029725,Teen,Food,17.46224024,Debit Card,0.445118237,0
13.19873669,Adult,Electronics,16.30359997,Bank Transfer,0.452789512,0
12.73021702,Young Adult,Electronics,11.29201726,Credit Card,0.23199148,0
11.70920089,Teen,Electronics,9.309564695,Debit Card,0.250030839,0
6.036663445,Young Adult,Electronics,,Bank Transfer,0.552116421,0
10.1114417,Teen,,15.36117113,Bank Transfer,0.433128961,1
6.352717345,Young Adult,Electonics,11.87506452,Credit Card,0.441312002,0
11.50128331,Adult,Clothing,20.37917395,Bank Transfer,0.439225601,1
7.192586037,Teen,Clothing,20.99284762,Credit Card,0.083904614,0
3.45465105,Adult,Food,4.093449072,Credit Card,0.095963982,1
3.682316018,Teen,Electronics,3.269607637,Credit Card,0.124394336,1
3.362154873,Young Adult,Electronics,15.12962222,Credit Card,0.296797623,0
16.06624658,Adult,Furniture,7.229417953,Credit Card,0.349915627,1
4.508852606,Young Adult,Electronics,0.44569725,Credit Card,0.187657813,0
1.600502226,Young Adult,Electronics,21.32742406,Credit Card,0.604018843,0
781304.3033,Young Adult,Food,5.445618414,Bank Transfer,0.138063648,0
24.8191132,Young Adult,Furniture,22.30273564,Bank Transfer,0.580300072,0
13.7146767,Unknown,Furniture,17.21842682,Credit Card,0.084673013,0
4.560084472,Young Adult,Electronics,18.30368376,Bank Transfer,0.266758291,1
2.076223519,Adult,Food,4.835075899,Bank Transfer,,0
6.636505317,Adult,Electronics,,Crdt Crd,0.05995933,0
6.505323863,Young Adult,Electronics,12.51042609,Credit Card,0.48154663,1
3.402941864,Senior,Furniture,4.130396464,Debit Card,0.257752,1
11.4825655,Young Adult,Electronics,7.330360624,Bank Transfer,0.061096655,0
32.3722379,Senior,Electronics,,Debit Card,0.228665084,0
8.827096814,Teen,Electronics,3.831118398,Credit Card,0.12473877,0
8.401253875,Adult,Furniture,4.924388001,Debit Card,3.877907573,0
3.491102402,Young Adult,Furniture,18.92524421,Debit Card,0.524191907,1
22.59958995,Young Adult,Food,4.012700509,Debit Card,0.653875572,1
6.95794844,Adult,Furniture,0.682977404,Credit Card,0.414795624,0
4.649824123,Adult,Electronics,15.10451862,Credit Card,,0
7.775289677,Teen,Food,23.42359487,Bank Transfer,0.147497748,0
10.77866876,Young Adult,Electronics,7.949131551,Bank Transfer,0.033013634,0
8.259568339,Adult,Electronics,2.847736877,Credit Card,0.351201819,0
19.39320441,Adult,Food,13.68929581,Bank Transfer,0.430946413,0
10.04602709,Senior,Clothing,21.75250107,Credit Card,0.353712959,0
5.887588855,Adult,Electronics,18.81748272,Debit Card,0.51894755,1
10.18538422,Senior,Electronics,14.94038084,Debit Card,0.180266396,0
11.01997661,Adult,,7.561355919,Bank Transfer,0.294933616,0
2.61927946,Young Adult,Electronics,13.00512416,,0.103756107,0
18.53268227,Young Adult,Clothing,2.189876191,Credit Card,0.299448882,0
5.808235269,Adult,Electonics,16.29469018,Bank Transfer,0.490068323,0
5.928323282,Adult,Food,17.40230445,Credit Card,0.300641158,0
13.47856694,Teen,Furniture,23.16075895,Crdt Crd,0.245194899,0
13.43323929,Young Adult,Electronics,6.24953661,Debit Card,0.184947441,1
4.21788854,Senior,Food,0.442954057,Debit Card,0.408573647,0
,Young Adult,Food,13.09460315,Credit Card,0.15723,1
4.719210312,Young Adult,Food,16.96297211,Bank Transfer,0.544391109,0
31.67914055,Young Adult,Clothing,18.96977942,Credit Card,0.655856054,0
3.809297599,Young Adult,Furniture,4.649734393,Crdt Crd,3.516452574,0
8.949359535,Young Adult,Electronics,6.282068857,Debit Card,0.189318599,1
3.952648618,Young Adult,Furniture,,Credit Card,0.101562612,1
43.73534142,Teen,Electronics,7.934419439,Bank Transfer,0.473650833,0
2.744896158,Adult,Electronics,20.65227568,Credit Card,0.072349853,1
11.24012761,Young Adult,Electronics,11.37024369,Credit Card,0.265357081,0
4.104449661,Adult,Electronics,19.18988746,Bank Transfer,0.106928859,0
5.566207191,Adult,Food,13.93487425,Debit Card,,0
10.62096913,Young Adult,Food,18.5541634,Credit Card,0.430495925,0
,Adult,Clothing,7.984151677,Debit Card,0.293805244,0
27.07788248,Young Adult,,19.95399893,Debit Card,0.027097851,0
2.160720286,Adult,Food,6.589735573,Debit Card,0.348991473,1
9.154091882,Young Adult,Electronics,13.10637139,Credit Card,0.031693897,1
23.75029337,Adult,,,Bank Transfer,0.248256281,1
1.918898357,Adult,Food,11.41263652,,0.309513581,0
9.502042688,,Food,,Crdt Crd,0.096505687,0
7.376748524,Young Adult,Furniture,6.400882335,Credit Card,0.16144889,1
10.29474377,Adult,Electronics,23.20764043,Bank Transfer,0.330326796,0
3.983483866,Adult,,3.841778532,Debit Card,0.61699286,0
2.343170525,Young Adult,Food,18.8958201,Debit Card,0.599499133,0
1.59921816,Adult,Electronics,23.61995903,Credit Card,0.263237563,1
16.13687721,Young Adult,Electronics,0.47763561,Bank Transfer,0.243854318,0
17.87207268,Adult,Furniture,16.77665794,Debit Card,0.095248613,1
9.413532477,Young Adult,Electronics,6.069883333,Credit Card,0.121273519,0
4.819553651,,Food,0.971707784,Credit Card,0.257412783,0
2.016903239,Young Adult,,9.669349895,Crdt Crd,0.495401886,1
11.59618738,Young Adult,Electronics,22.44522744,Credit Card,0.291846921,0
,Teen,Electronics,0.282362265,Bank Transfer,0.156866908,0
4.182717271,Young Adult,Furniture,14.10925661,Debit Card,0.153579052,0
4.621635914,Young Adult,Electronics,12.03351549,Debit Card,0.201259457,0
6.308966146,Young Adult,Furniture,20.96121994,Credit Card,0.135052783,0
4.025977112,Adult,Electronics,2.016041148,Credit Card,0.103395679,0
7.589509895,Teen,Furniture,16.35662472,Bank Transfer,0.127683748,1
4.493111111,Young Adult,Electronics,16.32263276,Credit Card,0.260519556,0
12.9500345,Young Adult,Food,16.0579204,Debit Card,0.078280995,1
16.85842162,Teen,Food,22.61602788,Credit Card,0.046165892,0
8.059359935,Young Adult,Clothing,19.7541007,Credit Card,0.296029271,1
31.90064839,Young Adult,Electronics,1.00734543,Credit Card,0.75350676,0
166.9769785,Young Adult,Electronics,11.30598842,Debit Card,0.959385413,0
6.217679355,Young Adult,,9.550873349,Bank Transfer,,0
5.850527913,Young Adult,,7.443533306,Credit Card,,0
40.2454881,Young Adult,Food,10.8320814,Credit Card,0.765094199,0
140.6877418,Teen,Furniture,9.220660438,Credit Card,0.401125926,0
15.4792658,,Electronics,10.3760136,Debit Card,0.441775974,1
112.937418,Senior,,23.50228477,Credit Card,0.706311019,1
22.11892814,Young Adult,Electronics,2.127191394,Bank Transfer,0.919851478,0
10.16664962,Unknown,Electonics,22.13354088,Debit Card,0.501789963,0
7.45815162,Young Adult,Food,11.52568112,Debit Card,0.908910619,0
37.69070773,Adult,Clothing,14.96981389,Credit Card,0.848397459,0
8.044920771,Adult,Electronics,19.9243912,Bank Transfer,,0
716803.2841,Young Adult,Food,8.6511127,Credit Card,0.454469057,0
,Unknown,Food,10.33012579,,0.441813952,0
14.77918256,Young Adult,Electronics,9.828443527,Debit Card,,1
74.73955534,Teen,,8.993544541,Debit Card,0.417625103,1
5.962301178,Adult,Clothing,,Credit Card,0.432022994,0
11.77632192,Adult,Furniture,19.89431739,Crdt Crd,0.649753966,0
4.917773925,Young Adult,,2.615999757,Debit Card,3.740180703,1
21.60655533,Young Adult,Electronics,2.594960459,Credit Card,0.610097872,0
43.8194674,Teen,Electronics,10.26886836,Bank Transfer,0.723016602,1
21.65393272,Young Adult,Clothing,2.367777042,Debit Card,0.496449466,0
68.51481916,Adult,Electronics,14.85823429,Credit Card,0.307513686,1
9.495526181,Young Adult,Furniture,3.448598574,Credit Card,0.729037515,1
25.16219711,Young Adult,Furniture,12.53695834,Credit Card,0.51741153,0
11.85240353,Young Adult,Food,0.173278728,Debit Card,0.70505151,1
28.8374989,Teen,,,Debit Card,0.870727452,1
33.23940422,Young Adult,Electronics,16.25257737,Credit Card,0.869630683,1
35.95959547,Adult,Electronics,11.61693457,Debit Card,0.845309578,0
6.885416759,Senior,Electronics,23.47846766,Bank Transfer,0.648548524,1
8.250335764,Adult,Food,20.97849111,Credit Card,0.640370905,0
9.931507625,Teen,Electronics,8.617698697,Bank Transfer,0.928246879,0
15.81753686,Adult,,1.091676995,Credit Card,0.843314914,0
21.91533027,Adult,Furniture,20.2950312,,0.793708754,0
40.77581442,,Clothing,21.86962345,Crdt Crd,0.738133144,0
8.601196321,Young Adult,,19.69505744,Credit Card,0.980274373,0
4.051068617,Young Adult,Electronics,3.070798582,Credit Card,0.808217124,1
173.4246417,Young Adult,Clothing,23.94996323,Credit Card,0.614299433,0
6.478875617,Teen,Electronics,6.206021317,Bank Transfer,0.450299621,0
46.35474792,Young Adult,Electronics,17.38091791,,0.656385922,0
20.72347006,,Electronics,21.79283703,Debit Card,0.372534174,0
25.82403483,Young Adult,Food,,Credit Card,0.637857616,0
948880.0937,Adult,Electronics,21.79820531,Credit Card,0.701024122,0
13.66937758,Young Adult,Clothing,7.427557901,,0.784583426,1
31.9436139,Teen,Food,23.43391734,Debit Card,0.760773296,0
12.95410587,,Food,6.750240489,,0.493190041,0
,Senior,Electronics,22.88245979,Credit Card,0.873478653,0
35.46126614,Adult,Food,1.285071621,Credit Card,0.780077123,0
36.58338272,Senior,Food,17.02252828,Debit Card,0.747270501,0
12.09602565,Young Adult,Furniture,12.77066721,Credit Card,0.754433897,0
15.85754263,,Furniture,,Credit Card,0.852425926,0
6.123214424,Teen,Food,5.363863542,Debit Card,0.870208536,0
851583.1811,Young Adult,Clothing,16.93429895,Debit Card,0.599640178,0
7.12367742,Young Adult,Furniture,4.579427795,Credit Card,0.736404264,0
74.66926156,Young Adult,Furniture,13.2682031,Credit Card,0.656688911,0
21.12666138,Young Adult,Electronics,6.077888713,Bank Transfer,0.767830642,1
23.81932522,Adult,Electronics,22.93491311,Credit Card,0.828962661,0
16.03627707,Adult,Electronics,0.687148652,Credit Card,0.635075013,0
24.47320687,Young Adult,Food,4.793478723,Credit Card,0.625491725,0
236.2469452,,Food,5.815454553,Credit Card,0.737381997,1
14.87764448,Adult,Food,9.937627818,Credit Card,0.769505228,0
10.48123971,Adult,Furniture,5.585525805,Bank Transfer,0.681578633,1
34.1134977,Young Adult,Furniture,11.79237817,Credit Card,0.876893557,0
1.60685904,Adult,Clothing,20.93917256,Credit Card,0.89479915,0
21.41211294,Young Adult,Electronics,17.08952211,Debit Card,0.499557107,0
13.85002582,Young Adult,Food,13.91908753,Debit Card,0.558760855,0
7.446072662,Senior,Electronics,2.136076272,Bank Transfer,0.817199761,0
33.37334977,Young Adult,Electronics,16.6558106,Bank Transfer,0.920280323,0
21.19972942,Young Adult,Electronics,3.993942823,Credit Card,0.720081936,1
3.312128694,Adult,Electronics,18.87281726,Debit Card,0.580165598,0
10.52202289,Adult,Food,6.001362204,Credit Card,0.727260614,0
1.118209555,Teen,Furniture,10.00916948,Bank Transfer,0.845282723,0
,Unknown,Electronics,8.411284856,Credit Card,0.679290774,0
26.66360211,Teen,Furniture,20.61153395,Bank Transfer,0.58882875,0
9.085848618,Adult,Food,3.037067009,Debit Card,,0
34.47080423,Young Adult,Electronics,,Credit Card,0.745338703,0
5.570592261,Young Adult,Food,3.409478627,Debit Card,0.806829178,0
7.640652261,,,16.91510007,Bank Transfer,0.774105279,1
30.4836497,Young Adult,Food,21.72187507,Bank Transfer,0.827554524,0
10.08786529,Young Adult,Food,10.43058369,Credit Card,0.948484009,0
18.86565445,Young Adult,Electronics,11.71421425,Debit Card,0.618195846,0
11.43125159,,Electronics,22.25814808,Credit Card,,1
13.31736528,Teen,Food,12.50379333,Credit Card,0.751037252,0
13.91233399,Young Adult,Clothing,11.70236251,Credit Card,0.543667448,0
9.907016493,Adult,Electronics,13.87989846,Credit Card,0.84468861,1
27.17913856,Young Adult,Furniture,16.54151367,Crdt Crd,0.48160232,0
10.71957504,,Food,2.565201002,Credit Card,0.945084061,0
20.40309722,Young Adult,Clothing,19.70665267,Bank Transfer,0.870024197,0
9.691685167,Teen,Furniture,10.45212066,Credit Card,0.476006977,0
,Young Adult,Food,1.736364238,Credit Card,0.635869569,0
50.02061644,Young Adult,Food,18.86838406,Credit Card,0.69968375,0
33.09979156,Young Adult,Electonics,9.04679932,Credit Card,0.862635385,0
198.0821946,Teen,Electronics,2.408819882,Credit Card,0.641603577,0
7.071178526,Adult,Electronics,15.21069695,Credit Card,0.959510676,0
16.29795293,Senior,Electronics,21.12315248,Debit Card,0.334932234,0
17.66336144,Adult,Furniture,21.30608423,Credit Card,0.902855296,0
54.02081516,Adult,Furniture,22.9839234,Credit Card,0.955422343,0
12.0962091,Young Adult,Electronics,20.82493103,Credit Card,0.646008381,0
6.22739524,Unknown,Food,0.051382064,Bank Transfer,0.934027262,0
67.20914392,Young Adult,Food,9.125787994,Bank Transfer,,0
14.63403486,Senior,Electronics,19.64502192,Credit Card,0.772291181,0
48.35857263,Senior,Clothing,8.790072144,Credit Card,0.465386091,0
43.04294769,Adult,Electronics,14.43716415,Credit Card,0.778866451,0
19.49405459,Senior,Electronics,14.55160674,Bank Transfer,0.770993867,1
16.87252054,Young Adult,Food,8.760607297,Credit Card,0.773542981,1
858413.9677,Young Adult,Furniture,21.70737425,Credit Card,0.952567524,0
19.78268126,Young Adult,Electronics,12.07748029,Credit Card,0.834828598,1
47.61273303,Young Adult,Food,11.15482094,Credit Card,0.58613291,0
9.057198165,,,23.9403299,Credit Card,0.827925447,1
22.39517716,Adult,,,Debit Card,0.918498412,0
6.562479944,Senior,Electronics,4.281558046,Credit Card,0.587341091,1
7.432734061,Young Adult,Food,12.31366615,Debit Card,0.610263646,0
19.47362533,Adult,Electronics,19.53640165,Credit Card,0.656259385,0
2.82877001,Senior,Clothing,,Credit Card,0.60953428,0
157.6785736,Senior,Furniture,18.92596236,Bank Transfer,0.866120254,0
6.091778316,Senior,,16.99257082,Credit Card,0.870905766,0
19.29626372,Young Adult,Electronics,6.101227898,Bank Transfer,0.916941066,0
64.60021389,Senior,Clothing,20.69001806,Debit Card,0.823008263,1
8.474779721,Adult,,21.44264317,Credit Card,0.672219328,0
2.008328955,Young Adult,Electronics,4.659664719,Bank Transfer,0.833961674,1
12.87199781,Young Adult,,3.130935277,Credit Card,0.866107248,0
8.374401562,Adult,Electronics,23.41451925,Bank Transfer,0.608321152,0
2.061897121,Young Adult,Food,20.83977513,Credit Card,0.699324578,0
26.70604362,Adult,Food,21.43766753,Bank Transfer,0.701417268,0
,Adult,Electronics,21.27303323,Credit Card,0.799377132,0
62.94909945,Young Adult,,13.00048378,Debit Card,0.799681004,0
6.548117701,Young Adult,Electronics,15.51364168,Debit Card,0.877822724,1
4.058703199,Adult,Food,13.08870845,Bank Transfer,0.563639103,0
13.3735238,Young Adult,Electronics,1.228952381,,0.570298487,0
18.38724727,Teen,Furniture,17.89207405,Crdt Crd,0.828969529,0
50.46851129,Teen,Furniture,12.1279688,Bank Transfer,0.93786522,0
82.31620625,Young Adult,Food,15.54501779,Credit Card,0.758586197,0
67.65891546,Senior,Electronics,12.06335532,,0.586715758,1
26.48407653,Young Adult,Electronics,11.80347174,Credit Card,0.848159572,1
44.67880614,Adult,Furniture,4.122938627,Credit Card,0.503780033,0
10.5857268,Young Adult,Electronics,6.689129163,Credit Card,0.418961936,0
23.76930857,Young Adult,Electronics,3.812464607,Debit Card,0.335121205,0
6.102569187,Adult,Electronics,4.695991095,Credit Card,0.742502554,0
21.38490709,Adult,Food,23.35145713,Debit Card,3.194155968,0
21.94735645,Teen,Food,3.674722699,Credit Card,0.621028407,0
,Young Adult,Furniture,6.462490183,Credit Card,0.810474211,0
15.97487441,Teen,Electronics,14.17415179,Debit Card,,0
21.97801944,Young Adult,Electronics,14.64428583,Debit Card,0.815014071,1
25.45625314,Adult,Electonics,3.695379114,Debit Card,0.777257005,0
12.74551805,Young Adult,Furniture,19.04921822,Debit Card,0.681781499,0
9.002544565,Young Adult,Electronics,18.84486883,Credit Card,0.929576176,0
550693.0453,Young Adult,Food,5.695624901,Debit Card,0.779689189,0
7.531412122,Senior,Electronics,6.927991264,Credit Card,0.875404838,0
5.32323887,Senior,Clothing,22.51170877,Credit Card,0.65966748,1
39.6569168,Teen,Electronics,19.8161147,Credit Card,0.560492358,1
63.93166906,Unknown,Clothing,16.74712879,Credit Card,0.840738055,0
12.78906287,Young Adult,Food,1.973597316,Credit Card,0.733775089,0
12.98696955,Young Adult,Food,10.03833794,Bank Transfer,0.842229567,1
26.64345491,Adult,Electronics,13.42324493,Bank Transfer,0.741344676,1
9.896165147,Senior,Food,4.497870912,Credit Card,0.526463422,1
9.191576616,Senior,Food,10.75743797,Credit Card,0.781137676,0
,Young Adult,Electronics,14.42462106,Credit Card,0.451543005,1
,Young Adult,Food,,Credit Card,0.216756233,0
74.52680701,Adult,Clothing,18.74267565,Bank Transfer,0.908806351,0
5.739723208,Young Adult,Food,20.17078996,Credit Card,0.771546258,0
12.15253163,Unknown,Furniture,7.766627266,Debit Card,0.605186705,1
26.60713897,Young Adult,Electronics,20.12777171,,0.86839505,0
7.959603207,Adult,Food,2.485837586,Bank Transfer,0.671218443,0
38.15616857,Young Adult,Electronics,,Credit Card,0.651167594,0
68.34901058,Young Adult,Food,3.66601036,Debit Card,0.946442867,0
11.20815936,Senior,Clothing,1.99025166,,0.964903246,0
20.87582812,Young Adult,Food,15.40260971,Debit Card,0.754369917,1
86.10940941,Young Adult,Electronics,11.32649678,Credit Card,0.994999334,1
121.4219385,Young Adult,Electronics,21.78937441,Credit Card,0.694242893,0
42.34292094,Teen,Food,8.716540706,Bank Transfer,0.963629415,0
36.35854213,Teen,Food,6.891654323,Bank Transfer,0.967404076,1
8.552840631,Young Adult,Furniture,12.01763775,Bank Transfer,0.623507715,0
28.76643915,Adult,Furniture,10.94270846,Debit Card,0.702184776,0
,Young Adult,Food,8.266273109,,0.92603504,0
,Senior,Electronics,16.64979117,Credit Card,0.962774444,0
11.08090931,Young Adult,Electronics,18.22948401,Credit Card,0.450017477,1
5.57728627,Young Adult,Electronics,20.47161526,Credit Card,0.910952195,0
896459.9175,Young Adult,Electronics,23.34855851,Debit Card,0.899703141,1
2.863705704,Young Adult,,,Credit Card,0.9228628,1
35.85354953,Adult,Food,17.18624358,Credit Card,0.782191373,1
23.2824376,Young Adult,Food,9.462197652,Debit Card,0.875002234,0
12.38131979,Young Adult,Electronics,16.24996733,Bank Transfer,0.669829408,0
14.4189556,Adult,Electronics,11.42356057,,0.770531351,1
24.79074856,Senior,Electronics,23.85055447,Credit Card,0.828634673,0
17.037843,Adult,Electronics,17.49365126,Credit Card,0.43239634,1
5.256402303,Young Adult,Furniture,22.85979121,Credit Card,0.82377193,0
50.04888462,Adult,Electronics,20.03926919,Credit Card,0.841405132,1
27.22474141,,Food,21.66962427,Debit Card,0.595599653,0
26.20364386,Young Adult,Electronics,19.54606073,Debit Card,0.949424962,0
46.41221614,Young Adult,,11.01981913,Debit Card,0.786593423,0
8.902700378,,Food,6.04292288,Credit Card,0.74740754,0
67.60834605,Young Adult,Electronics,8.887684211,Bank Transfer,,0
17.46077869,Young Adult,Food,0.485669583,Credit Card,0.758237524,1
48.84240451,,Furniture,12.57583602,Credit Card,0.932382751,0
41.86495302,Young Adult,Clothing,12.12138721,Bank Transfer,0.850429685,1
7.107838378,Teen,,12.60601116,Credit Card,0.730687882,0
33.2116396,Teen,Furniture,23.3767494,Credit Card,0.643757057,0
27.83445581,Senior,Clothing,21.87489608,Bank Transfer,0.844338194,0
20.70368404,Young Adult,Clothing,3.88110668,Credit Card,0.45340881,0
18.2767224,Young Adult,Food,8.853180517,Debit Card,0.902450542,0
18.43234036,Adult,Food,10.17494831,Credit Card,0.901787887,0
45.27203105,Adult,Food,8.652790028,Debit Card,0.651808253,1
35.79866183,Young Adult,Furniture,19.16390313,Credit Card,0.504249748,1
20.70714584,Adult,Food,12.57690408,Credit Card,0.79723143,1
4.51797486,Adult,Food,13.73039561,Debit Card,0.314515725,0
32.93195339,Adult,Food,20.47232542,Credit Card,0.842590429,0
41.41377766,Young Adult,Furniture,19.34227568,Credit Card,0.863369473,0
200.418982,Adult,Furniture,3.173076548,Credit Card,0.614607381,0
58.87597208,Young Adult,Electronics,17.13395002,Credit Card,0.724920713,0
3.006641311,,Furniture,10.45046709,Credit Card,0.750286271,0
21.72425545,Young Adult,Food,7.071573674,Credit Card,0.722747524,0
122.9004931,Teen,Furniture,1.200451702,Bank Transfer,0.794986971,1
37.47030891,Young Adult,Food,11.69398945,Credit Card,0.77341472,0
27.90071067,Adult,Electronics,8.530480337,Credit Card,0.561889204,0
49.41374671,Teen,Clothing,,Credit Card,0.677046526,1
10.77923723,Young Adult,Electronics,16.67212151,Credit Card,0.689533527,0
32.39778307,Young Adult,Furniture,18.4676493,Bank Transfer,0.716985564,0
15.63531224,Teen,Food,5.874948457,Credit Card,0.712098238,0
19.69523078,Senior,Food,1.18673848,Bank Transfer,0.952438515,1
45.99140429,Young Adult,Electonics,20.37006481,Credit Card,0.850311183,1
7.950914055,Young Adult,Food,0.239033789,Debit Card,0.779770197,1
72.81940514,Young Adult,Electronics,22.49069985,Debit Card,0.716532895,0
13.16008045,Young Adult,Electronics,15.06287698,Bank Transfer,0.822923503,0
26.06680936,Teen,Electronics,7.724319245,Debit Card,0.814344007,0
4.95051712,Adult,Electronics,5.91546983,Debit Card,0.656822892,0
41.25768056,Senior,Electonics,0.216135942,Credit Card,0.706760695,0
85.3281094,Young Adult,Clothing,5.651314008,Credit Card,0.453053042,1
12.00542284,Adult,Electronics,3.305479236,Bank Transfer,0.818543176,0
6.617890169,Adult,Furniture,14.6919893,Credit Card,0.821684652,0
26.52222511,Unknown,Electronics,3.997094126,Credit Card,0.572618957,0
86.03985722,Young Adult,Food,12.6871161,Debit Card,0.575100161,0
4.712146019,Young Adult,Furniture,14.16279414,Credit Card,0.377889005,0
6.643851356,Young Adult,Clothing,7.15300076,Bank Transfer,0.749496863,1
12.75355992,Adult,Food,0.841558776,Debit Card,,1
8.843265204,Adult,Furniture,0.894093135,Debit Card,0.377376946,0
8.871239554,Young Adult,Electronics,0.632335973,Bank Transfer,0.727832668,0
2.474106628,Young Adult,Clothing,17.73899201,Credit Card,0.726965809,0
36.19992139,Senior,Electronics,7.632232916,Credit Card,0.647898173,1
28.1830435,Adult,Food,19.11120446,Credit Card,0.830957466,1
3.673521726,,Food,10.36158777,,0.444845023,0
86.2453171,,Food,10.87195442,Debit Card,0.783953377,0
107.8878557,Young Adult,Electronics,12.30918246,Bank Transfer,0.432691849,0
9.479148108,Young Adult,Clothing,17.11275495,Credit Card,0.843617334,0
64.49247762,,Electronics,6.56406878,Credit Card,3.686134116,0
11.32488136,Teen,Food,2.918096389,Bank Transfer,0.400720491,0
24.07361699,,Electronics,13.34537604,Credit Card,0.543062775,0
8.707962744,Adult,Electronics,7.847462958,Credit Card,0.874172218,0
183.874144,Young Adult,Food,10.61979153,Credit Card,0.676754068,1
14.93911249,Adult,Food,15.526721,Bank Transfer,0.778349847,0
22.79289861,Young Adult,Electronics,11.85901779,Debit Card,0.302026828,0
10.09522573,Senior,Electronics,14.88669161,Debit Card,,0
129.1940577,,Food,13.06080005,Bank Transfer,0.695850867,0
132.5042402,Young Adult,Furniture,17.75511293,Credit Card,0.617983003,1
102.6093625,Unknown,Furniture,16.94247883,Credit Card,0.745416154,0
52.27092809,Young Adult,Electronics,12.8205574,Bank Transfer,0.912777239,0
10.75327601,Adult,Electronics,16.2936725,Credit Card,0.545098053,0
45.96361457,Adult,Electonics,20.96543045,Debit Card,0.672499974,0
19.94457549,Young Adult,Electronics,10.37451091,Bank Transfer,0.503694367,0
74.62000403,Young Adult,Food,9.906313746,Debit Card,0.581544414,1
61.30749196,Young Adult,Food,18.3418949,Debit Card,0.685499118,0
10.49327339,Young Adult,Electronics,13.98129209,Bank Transfer,0.918299691,0
51.82257177,Senior,Electronics,1.704162725,Bank Transfer,0.225175412,0
39.72713478,Adult,Electronics,21.41068838,Credit Card,0.809977594,0
1.254123769,Adult,Furniture,,Credit Card,0.874002296,1
44.74307301,Adult,Clothing,17.96151255,Credit Card,0.751665012,1
13.04238204,Young Adult,Electronics,18.21105942,Debit Card,0.594141999,0
8.280948754,Senior,Electronics,22.87466605,Credit Card,3.057017116,0
8.642910554,Adult,Furniture,1.299225802,Debit Card,0.900839389,1
17.54479113,Adult,,14.32456466,Crdt Crd,0.757952388,1
32.46165609,Adult,Electonics,10.2681737,Debit Card,0.893975237,0
5.127088621,Young Adult,Electronics,7.935190917,Credit Card,0.770385682,1
24.28473191,Adult,Electronics,2.167645447,Debit Card,0.839396191,0
35.75742952,Young Adult,Food,13.50369887,Debit Card,0.436868783,0
129.2574024,Unknown,Electronics,11.49697742,Credit Card,0.563631713,0
6.843572091,Young Adult,Electronics,2.509306996,Credit Card,0.88501192,0
14.15952883,Senior,Food,14.69974817,Debit Card,0.930056599,0
26.09289285,Adult,Electronics,17.71087489,Credit Card,0.838539687,0
63.26987644,Adult,Furniture,18.41467923,Credit Card,0.603264446,0
14.81701406,Adult,Electronics,,Bank Transfer,0.746648811,0
473495.9853,Young Adult,Electronics,,Debit Card,0.601294902,1
2.893994372,Senior,Food,22.87374645,Bank Transfer,0.946583675,0
5.735367375,Unknown,Electronics,20.77030572,Credit Card,0.975889118,0
28.46411993,Young Adult,Clothing,7.116037705,Credit Card,0.90224264,1
,Young Adult,Electonics,3.822792896,Bank Transfer,0.793550142,0
6.206080103,Adult,Electronics,10.44934551,Debit Card,0.535509232,1
11.84875899,Adult,Furniture,9.645568991,Debit Card,0.658577685,0
,Young Adult,Electronics,13.81726333,Credit Card,0.903516952,0
3.016312801,Teen,Clothing,14.00126958,Credit Card,0.612729406,1
23.81458867,Adult,Electronics,17.99968763,Credit Card,0.500239991,0
56.42791298,Unknown,Food,12.23735876,Credit Card,0.765525142,1
16.52798148,Adult,Electronics,2.515743383,Credit Card,0.821749616,0
13.89000852,Senior,Food,20.59899205,Credit Card,0.626570884,1
30.01722197,Young Adult,Furniture,7.434349996,,0.932906399,0
16.57489079,Young Adult,Furniture,23.31113905,Crdt Crd,0.527925674,1
80.68073162,Adult,Electronics,2.828642608,Debit Card,0.550104945,1
6.610022038,Adult,Electronics,22.99802813,Bank Transfer,3.633428369,1
19.07456639,Young Adult,Furniture,2.184283365,Debit Card,0.675950948,0
24.67242874,Senior,Clothing,5.544867311,Credit Card,0.855128577,0
13.75697472,Teen,Electronics,,Debit Card,0.819117163,1